{
 "f_drive": 40.0,
 "periods": 2140.0,
 "gam": 0.0022123611555523717,
 "cap_frac": 0.67,
 "theta_r_pred": 61.1,
 "angle_peaks": [
  [
   19.4,
   0.592
  ],
  [
   93.2,
   0.254
  ],
  [
   160.6,
   0.059
  ],
  [
   123.7,
   0.04
  ],
  [
   90.0,
   0.023
  ],
  [
   86.8,
   0.018
  ],
  [
   109.4,
   0.007
  ],
  [
   56.3,
   0.006
  ],
  [
   70.6,
   0.001
  ],
  [
   176.8,
   0.0
  ]
 ],
 "pair_bins_top": [
  [
   70,
   75,
   0.5737597333920726
  ],
  [
   35,
   40,
   0.14665221606996842
  ],
  [
   65,
   70,
   0.08919308162668647
  ],
  [
   75,
   80,
   0.08218168266416447
  ]
 ],
 "n_modes_over_5pct": 3,
 "rms_h": 0.04390362519148461,
 "status": "competition ongoing (slow at gamma=0.0022); structure snapshot"
}