{
 "stage1": {
  "f": 152.0,
  "t": 12,
  "ring_enrich": 2.7904471179745016
 },
 "stage2": {
  "f": 649.0019490163887,
  "med_absW_start": 0.341045136840607,
  "med_absW_end": 0.34108133750996694,
  "t_series": [
   0.0,
   0.5,
   1.0,
   1.5,
   2.0,
   2.5,
   3.0,
   3.5,
   4.0,
   4.5,
   5.0,
   5.5,
   6.0,
   6.5,
   7.0,
   7.5,
   8.0,
   8.5,
   9.0,
   9.5,
   10.0,
   10.5,
   11.0,
   11.5,
   12.0,
   12.5,
   13.0,
   13.5,
   14.0,
   14.5,
   15.0,
   15.5
  ],
  "med_series": [
   0.341045136840607,
   0.341045136840607,
   0.3410424939213441,
   0.3409219571705383,
   0.3409219571705383,
   0.3409219571705383,
   0.3409219571705383,
   0.3409219571705383,
   0.3409219571705383,
   0.3409219571705383,
   0.3409219571705383,
   0.3409219571705383,
   0.3409219571705383,
   0.3409219571705383,
   0.3409219571705383,
   0.3409219571705383,
   0.3409219571705383,
   0.3409219571705383,
   0.3409219571705383,
   0.3409219571705383,
   0.3409219571705383,
   0.3409219571705383,
   0.3409219571705383,
   0.3409219571705383,
   0.34108133750996694,
   0.34108133750996694,
   0.34108133750996694,
   0.34120214777504043,
   0.34108133750996694,
   0.34120214777504043,
   0.34108133750996694,
   0.34108133750996694
  ],
  "reform_time_s": null
 },
 "note": "song changed 152->649 Hz; sand carries OLD pattern then re-forms on NEW nodes; lag is real physics"
}