{"top2_pair_angle":89.99999999999999,"top2_share":0.6439677016821982,"temporal_peak_over_drive":0.5,"angle_peaks":[[56.3,0.425],[146.3,0.219],[93.2,0.112],[176.8,0.089],[123.7,0.061],[33.7,0.041],[160.6,0.02],[19.4,0.012]],"rms_h":0.062466954462631306}